[
  { "income": 172500.0, "locality": "Cholara Palya" },
  { "income": 257187.5, "locality": "Kaveri Nagar" },
  { "income": 200969.25, "locality": "Vijaya Nagar" },
  { "income": 135000.0, "locality": "Sanjay Gandhi Nagar" },
  { "income": 171562.5, "locality": "Nandini Layout" },
  { "income": 143333.33, "locality": "Mahalakshmipuram" },
  { "income": 197857.14, "locality": "Attiguppe" },
  { "income": 168062.5, "locality": "Kamakshi Palya" },
  { "income": 190108.96, "locality": "Sunkadakatte" },
  { "income": 162592.59, "locality": "State Bank of India Colony" },
  { "income": 228684.21, "locality": "Maruthi Nagar" },
  { "income": 180437.5, "locality": "Hegganahalli" },
  { "income": 185164.84, "locality": "Nagar Bhavi" },
  { "income": 175926.82, "locality": "Rajaji Nagar" },
  { "income": 203490.99, "locality": "Nagapura" },
  { "income": 173058.0, "locality": "Yeshwanthpur" },
  { "income": 213408.93, "locality": "Annapurneshwari Nagar" },
  { "income": 181363.64, "locality": "Sanjeevani Nagar" },
  { "income": 204081.16, "locality": "Basaveshwara Nagar" },
  { "income": 156016.41, "locality": "Laggere" },
  { "income": 207250.0, "locality": "Kempapura Agrahara" },
  { "income": 248333.33, "locality": "Kottigepalya" },
  { "income": 229000.0, "locality": "Byraveshwara Industrial Estate" },
  { "income": 183333.33, "locality": "Nagarbhavi" },
  { "income": 179554.45, "locality": "Kamala Nagar" },
  { "income": 221547.62, "locality": "Peenya Industrial Area" }
]
